Workbook

Sheet Data Dictionary
A1: Data Dictionary: BART_Rides
A3: column | B3: description
A4: Date | B4: Date for which exit data was collected.
A5: Station Code | B5: Two-letter code for the BART station. See the StationCodes table/tab for reference on the station names corresponding with each code.
A6: Lines | B6: Abbreviated code for the rail lines on which each station lies, one letter for each line: Y = Yellow, B = Blue, O = Orange, G = Green, R = Red, S = Silver. Lines are always listed in this order. i.e. if a station is on the yellow line, Y will always be the first letter.
A7: Total Passengers | B7: Number of passengers who exited at the corresponding station and date.
A9: Station Codes
A11: Station Code | B11: Station Name
A12: RM | B12: Richmond
A13: EN | B13: El Cerrito Del Norte
A14: EP | B14: El Cerrito Plaza
A15: NB | B15: North Berkeley
A16: BK | B16: Berkeley
A17: AS | B17: Ashby
A18: MA | B18: MacArthur
A19: 19 | B19: 19th Street Oakland
A20: 12 | B20: 12th Street / Oakland City Center
A21: LM | B21: Lake Merritt
A22: FV | B22: Fruitvale | F22: =61-12-4 -> 45
A23: CL | B23: Coliseum
A24: SL | B24: San Leandro
A25: BF | B25: Bayfair
A26: HY | B26: Hayward
A27: SH | B27: South Hayward
A28: UC | B28: Union City
A29: FM | B29: Fremont
A30: CN | B30: Concord
A31: PH | B31: Pleasant Hill
A32: WC | B32: Walnut Creek
A33: LF | B33: Lafayette
A34: OR | B34: Orinda
... A40: CC | B40: Civic Center
A41: 16 | B41: 16th Street Mission
A42: 24 | B42: 24th Street Mission
A43: GP | B43: Glen Park
A44: BP | B44: Balboa Park
A45: DC | B45: Daly City
A46: CM | B46: Colma
A47: CV | B47: Castro Valley
A48: ED | B48: Dublin/Pleasanton
A49: NC | B49: North Concord
A50: WP | B50: Pittsburg/Bay Point
A51: SS | B51: South San Francisco
A52: SB | B52: San Bruno
A53: SO | B53: San Francisco International Airport
A54: MB | B54: Millbrae
... A61: BE | B61: Berryessa / North San José

Sheet BART Ridership Analysis
A1: Milestone | BART Ridership Analysis | F1: Date | G1: Station Code | H1: Lines | I1: TotalPassengers | J1: Month | K1: DayOfWeek | L1: FirstLetter | M1: YellowLine | N1: Downtown
F2: 44197 | G2: RM | H2: YO | I2: 328 | J2: =MONTH(BART_Rides[[#This Row],[Date]]) -> 1 | K2: =WEEKDAY(BART_Rides[[#This Row],[Date]],2) -> 5 | L2: =LEFT(BART_Rides[[#This Row],[Lines]],1) -> Y | M2: =IF(BART_Rides[[#This Row],[FirstLetter]]="Y","Yes","No") -> Yes | N2: =IF(OR(BART_Rides[[#This Row],[Station Code]]="EM", BART_Rides[[#This Row],[Station Code]]="MT", BART_Rides[[#This Row],[Station Code]]="PL", BART_Rides[[#This Row],[Station Code]]="CC"), "Yes", "No") -> No
A3: • All of your answers should be typed or pasted into the grey boxes. • Questions with grey answer boxes expect a specific answer. Once you input the correct answer, the question number box will change from blue to green. • Questions with yellow answer boxes are free-response questions. There will be no change in the question number boxes (in blue), regardless of your answer. • Hover your cursor over the blue hint box to get a helpful hint! | F3: 44198 | G3: RM | H3: YO | I3: 395 | J3: =MONTH(BART_Rides[[#This Row],[Date]]) -> 1 | K3: =WEEKDAY(BART_Rides[[#This Row],[Date]],2) -> 6 | L3: =LEFT(BART_Rides[[#This Row],[Lines]],1) -> Y | M3: =IF(BART_Rides[[#This Row],[FirstLetter]]="Y","Yes","No") -> Yes | N3: =IF(OR(BART_Rides[[#This Row],[Station Code]]="EM", BART_Rides[[#This Row],[Station Code]]="MT", BART_Rides[[#This Row],[Station Code]]="PL", BART_Rides[[#This Row],[Station Code]]="CC"), "Yes", "No") -> No
F4: 44199 | G4: RM | H4: YO | I4: 366 | J4: =MONTH(BART_Rides[[#This Row],[Date]]) -> 1 | K4: =WEEKDAY(BART_Rides[[#This Row],[Date]],2) -> 7 | L4: =LEFT(BART_Rides[[#This Row],[Lines]],1) -> Y | M4: =IF(BART_Rides[[#This Row],[FirstLetter]]="Y","Yes","No") -> Yes | N4: =IF(OR(BART_Rides[[#This Row],[Station Code]]="EM", BART_Rides[[#This Row],[Station Code]]="MT", BART_Rides[[#This Row],[Station Code]]="PL", BART_Rides[[#This Row],[Station Code]]="CC"), "Yes", "No") -> No
F5: 44200 | G5: RM | H5: YO | I5: 856 | J5: =MONTH(BART_Rides[[#This Row],[Date]]) -> 1 | K5: =WEEKDAY(BART_Rides[[#This Row],[Date]],2) -> 1 | L5: =LEFT(BART_Rides[[#This Row],[Lines]],1) -> Y | M5: =IF(BART_Rides[[#This Row],[FirstLetter]]="Y","Yes","No") -> Yes | N5: =IF(OR(BART_Rides[[#This Row],[Station Code]]="EM", BART_Rides[[#This Row],[Station Code]]="MT", BART_Rides[[#This Row],[Station Code]]="PL", BART_Rides[[#This Row],[Station Code]]="CC"), "Yes", "No") -> No
F6: 44201 | G6: RM | H6: YO | I6: 950 | J6: =MONTH(BART_Rides[[#This Row],[Date]]) -> 1 | K6: =WEEKDAY(BART_Rides[[#This Row],[Date]],2) -> 2 | L6: =LEFT(BART_Rides[[#This Row],[Lines]],1) -> Y | M6: =IF(BART_Rides[[#This Row],[FirstLetter]]="Y","Yes","No") -> Yes | N6: =IF(OR(BART_Rides[[#This Row],[Station Code]]="EM", BART_Rides[[#This Row],[Station Code]]="MT", BART_Rides[[#This Row],[Station Code]]="PL", BART_Rides[[#This Row],[Station Code]]="CC"), "Yes", "No") -> No
F7: 44202 | G7: RM | H7: YO | I7: 934 | J7: =MONTH(BART_Rides[[#This Row],[Date]]) -> 1 | K7: =WEEKDAY(BART_Rides[[#This Row],[Date]],2) -> 3 | L7: =LEFT(BART_Rides[[#This Row],[Lines]],1) -> Y | M7: =IF(BART_Rides[[#This Row],[FirstLetter]]="Y","Yes","No") -> Yes | N7: =IF(OR(BART_Rides[[#This Row],[Station Code]]="EM", BART_Rides[[#This Row],[Station Code]]="MT", BART_Rides[[#This Row],[Station Code]]="PL", BART_Rides[[#This Row],[Station Code]]="CC"), "Yes", "No") -> No
F8: 44203 | G8: RM | H8: YO | I8: 964 | J8: =MONTH(BART_Rides[[#This Row],[Date]]) -> 1 | K8: =WEEKDAY(BART_Rides[[#This Row],[Date]],2) -> 4 | L8: =LEFT(BART_Rides[[#This Row],[Lines]],1) -> Y | M8: =IF(BART_Rides[[#This Row],[FirstLetter]]="Y","Yes","No") -> Yes | N8: =IF(OR(BART_Rides[[#This Row],[Station Code]]="EM", BART_Rides[[#This Row],[Station Code]]="MT", BART_Rides[[#This Row],[Station Code]]="PL", BART_Rides[[#This Row],[Station Code]]="CC"), "Yes", "No") -> No
F9: 44204 | G9: RM | H9: YO | I9: 965 | J9: =MONTH(BART_Rides[[#This Row],[Date]]) -> 1 | K9: =WEEKDAY(BART_Rides[[#This Row],[Date]],2) -> 5 | L9: =LEFT(BART_Rides[[#This Row],[Lines]],1) -> Y | M9: =IF(BART_Rides[[#This Row],[FirstLetter]]="Y","Yes","No") -> Yes | N9: =IF(OR(BART_Rides[[#This Row],[Station Code]]="EM", BART_Rides[[#This Row],[Station Code]]="MT", BART_Rides[[#This Row],[Station Code]]="PL", BART_Rides[[#This Row],[Station Code]]="CC"), "Yes", "No") -> No
F10: 44205 | G10: RM | H10: YO | I10: 532 | J10: =MONTH(BART_Rides[[#This Row],[Date]]) -> 1 | K10: =WEEKDAY(BART_Rides[[#This Row],[Date]],2) -> 6 | L10: =LEFT(BART_Rides[[#This Row],[Lines]],1) -> Y | M10: =IF(BART_Rides[[#This Row],[FirstLetter]]="Y","Yes","No") -> Yes | N10: =IF(OR(BART_Rides[[#This Row],[Station Code]]="EM", BART_Rides[[#This Row],[Station Code]]="MT", BART_Rides[[#This Row],[Station Code]]="PL", BART_Rides[[#This Row],[Station Code]]="CC"), "Yes", "No") -> No
F11: 44206 | G11: RM | H11: YO | I11: 367 | J11: =MONTH(BART_Rides[[#This Row],[Date]]) -> 1 | K11: =WEEKDAY(BART_Rides[[#This Row],[Date]],2) -> 7 | L11: =LEFT(BART_Rides[[#This Row],[Lines]],1) -> Y | M11: =IF(BART_Rides[[#This Row],[FirstLetter]]="Y","Yes","No") -> Yes | N11: =IF(OR(BART_Rides[[#This Row],[Station Code]]="EM", BART_Rides[[#This Row],[Station Code]]="MT", BART_Rides[[#This Row],[Station Code]]="PL", BART_Rides[[#This Row],[Station Code]]="CC"), "Yes", "No") -> No
F12: 44207 | G12: RM | H12: YO | I12: 921 | J12: =MONTH(BART_Rides[[#This Row],[Date]]) -> 1 | K12: =WEEKDAY(BART_Rides[[#This Row],[Date]],2) -> 1 | L12: =LEFT(BART_Rides[[#This Row],[Lines]],1) -> Y | M12: =IF(BART_Rides[[#This Row],[FirstLetter]]="Y","Yes","No") -> Yes | N12: =IF(OR(BART_Rides[[#This Row],[Station Code]]="EM", BART_Rides[[#This Row],[Station Code]]="MT", BART_Rides[[#This Row],[Station Code]]="PL", BART_Rides[[#This Row],[Station Code]]="CC"), "Yes", "No") -> No
F13: 44208 | G13: RM | H13: YO | I13: 966 | J13: =MONTH(BART_Rides[[#This Row],[Date]]) -> 1 | K13: =WEEKDAY(BART_Rides[[#This Row],[Date]],2) -> 2 | L13: =LEFT(BART_Rides[[#This Row],[Lines]],1) -> Y | M13: =IF(BART_Rides[[#This Row],[FirstLetter]]="Y","Yes","No") -> Yes | N13: =IF(OR(BART_Rides[[#This Row],[Station Code]]="EM", BART_Rides[[#This Row],[Station Code]]="MT", BART_Rides[[#This Row],[Station Code]]="PL", BART_Rides[[#This Row],[Station Code]]="CC"), "Yes", "No") -> No
A14: Part 1: Feature Engineering | F14: 44209 | G14: RM | H14: YO | I14: 964 | J14: =MONTH(BART_Rides[[#This Row],[Date]]) -> 1 | K14: =WEEKDAY(BART_Rides[[#This Row],[Date]],2) -> 3 | L14: =LEFT(BART_Rides[[#This Row],[Lines]],1) -> Y | M14: =IF(BART_Rides[[#This Row],[FirstLetter]]="Y","Yes","No") -> Yes | N14: =IF(OR(BART_Rides[[#This Row],[Station Code]]="EM", BART_Rides[[#This Row],[Station Code]]="MT", BART_Rides[[#This Row],[Station Code]]="PL", BART_Rides[[#This Row],[Station Code]]="CC"), "Yes", "No") -> No
F15: 44210 | G15: RM | H15: YO | I15: 948 | J15: =MONTH(BART_Rides[[#This Row],[Date]]) -> 1 | K15: =WEEKDAY(BART_Rides[[#This Row],[Date]],2) -> 4 | L15: =LEFT(BART_Rides[[#This Row],[Lines]],1) -> Y | M15: =IF(BART_Rides[[#This Row],[FirstLetter]]="Y","Yes","No") -> Yes | N15: =IF(OR(BART_Rides[[#This Row],[Station Code]]="EM", BART_Rides[[#This Row],[Station Code]]="MT", BART_Rides[[#This Row],[Station Code]]="PL", BART_Rides[[#This Row],[Station Code]]="CC"), "Yes", "No") -> No
A16: For all the questions below, you'll refer to the dataset to the right. The table is named BART_Rides. | F16: 44211 | G16: RM | H16: YO | I16: 946 | J16: =MONTH(BART_Rides[[#This Row],[Date]]) -> 1 | K16: =WEEKDAY(BART_Rides[[#This Row],[Date]],2) -> 5 | L16: =LEFT(BART_Rides[[#This Row],[Lines]],1) -> Y | M16: =IF(BART_Rides[[#This Row],[FirstLetter]]="Y","Yes","No") -> Yes | N16: =IF(OR(BART_Rides[[#This Row],[Station Code]]="EM", BART_Rides[[#This Row],[Station Code]]="MT", BART_Rides[[#This Row],[Station Code]]="PL", BART_Rides[[#This Row],[Station Code]]="CC"), "Yes", "No") -> No
A17: 1 | B17: In the Month column, extract the month from each date. | D17: Hint! | F17: 44212 | G17: RM | H17: YO | I17: 2 | J17: =MONTH(BART_Rides[[#This Row],[Date]]) -> 1 | K17: =WEEKDAY(BART_Rides[[#This Row],[Date]],2) -> 6 | L17: =LEFT(BART_Rides[[#This Row],[Lines]],1) -> Y | M17: =IF(BART_Rides[[#This Row],[FirstLetter]]="Y","Yes","No") -> Yes | N17: =IF(OR(BART_Rides[[#This Row],[Station Code]]="EM", BART_Rides[[#This Row],[Station Code]]="MT", BART_Rides[[#This Row],[Station Code]]="PL", BART_Rides[[#This Row],[Station Code]]="CC"), "Yes", "No") -> No
A18: 2 | B18: In the DayOfWeek column, extract the day of the week from each date. Note: It will make it easier later in the Miestone if you have Monday = 1 , Sunday = 7. | D18: Hint! | F18: 44213 | G18: RM | H18: YO | I18: 0 | J18: =MONTH(BART_Rides[[#This Row],[Date]]) -> 1 | K18: =WEEKDAY(BART_Rides[[#This Row],[Date]],2) -> 7 | L18: =LEFT(BART_Rides[[#This Row],[Lines]],1) -> Y | M18: =IF(BART_Rides[[#This Row],[FirstLetter]]="Y","Yes","No") -> Yes | N18: =IF(OR(BART_Rides[[#This Row],[Station Code]]="EM", BART_Rides[[#This Row],[Station Code]]="MT", BART_Rides[[#This Row],[Station Code]]="PL", BART_Rides[[#This Row],[Station Code]]="CC"), "Yes", "No") -> No
F19: 44214 | G19: RM | H19: YO | I19: 2 | J19: =MONTH(BART_Rides[[#This Row],[Date]]) -> 1 | K19: =WEEKDAY(BART_Rides[[#This Row],[Date]],2) -> 1 | L19: =LEFT(BART_Rides[[#This Row],[Lines]],1) -> Y | M19: =IF(BART_Rides[[#This Row],[FirstLetter]]="Y","Yes","No") -> Yes | N19: =IF(OR(BART_Rides[[#This Row],[Station Code]]="EM", BART_Rides[[#This Row],[Station Code]]="MT", BART_Rides[[#This Row],[Station Code]]="PL", BART_Rides[[#This Row],[Station Code]]="CC"), "Yes", "No") -> No
A20: In the YellowLine column, we want to capture whether or not a station is on the Yellow Line. We need to do this in two steps: first isolate the relevant letter from the Lines column and then classify the stations based on whether they belong to the Yellow Line. | F20: 44215 | G20: RM | H20: YO | I20: 804 | J20: =MONTH(BART_Rides[[#This Row],[Date]]) -> 1 | K20: =WEEKDAY(BART_Rides[[#This Row],[Date]],2) -> 2 | L20: =LEFT(BART_Rides[[#This Row],[Lines]],1) -> Y | M20: =IF(BART_Rides[[#This Row],[FirstLetter]]="Y","Yes","No") -> Yes | N20: =IF(OR(BART_Rides[[#This Row],[Station Code]]="EM", BART_Rides[[#This Row],[Station Code]]="MT", BART_Rides[[#This Row],[Station Code]]="PL", BART_Rides[[#This Row],[Station Code]]="CC"), "Yes", "No") -> No
F21: 44216 | G21: RM | H21: YO | I21: 909 | J21: =MONTH(BART_Rides[[#This Row],[Date]]) -> 1 | K21: =WEEKDAY(BART_Rides[[#This Row],[Date]],2) -> 3 | L21: =LEFT(BART_Rides[[#This Row],[Lines]],1) -> Y | M21: =IF(BART_Rides[[#This Row],[FirstLetter]]="Y","Yes","No") -> Yes | N21: =IF(OR(BART_Rides[[#This Row],[Station Code]]="EM", BART_Rides[[#This Row],[Station Code]]="MT", BART_Rides[[#This Row],[Station Code]]="PL", BART_Rides[[#This Row],[Station Code]]="CC"), "Yes", "No") -> No
A22: 3 | B22: In the FirstLetter column, extract the first letter from the Lines column. e.g. "YO" should output "Y". | D22: Hint! | F22: 44217 | G22: RM | H22: YO | I22: 982 | J22: =MONTH(BART_Rides[[#This Row],[Date]]) -> 1 | K22: =WEEKDAY(BART_Rides[[#This Row],[Date]],2) -> 4 | L22: =LEFT(BART_Rides[[#This Row],[Lines]],1) -> Y | M22: =IF(BART_Rides[[#This Row],[FirstLetter]]="Y","Yes","No") -> Yes | N22: =IF(OR(BART_Rides[[#This Row],[Station Code]]="EM", BART_Rides[[#This Row],[Station Code]]="MT", BART_Rides[[#This Row],[Station Code]]="PL", BART_Rides[[#This Row],[Station Code]]="CC"), "Yes", "No") -> No
F23: 44218 | G23: RM | H23: YO | I23: 945 | J23: =MONTH(BART_Rides[[#This Row],[Date]]) -> 1 | K23: =WEEKDAY(BART_Rides[[#This Row],[Date]],2) -> 5 | L23: =LEFT(BART_Rides[[#This Row],[Lines]],1) -> Y | M23: =IF(BART_Rides[[#This Row],[FirstLetter]]="Y","Yes","No") -> Yes | N23: =IF(OR(BART_Rides[[#This Row],[Station Code]]="EM", BART_Rides[[#This Row],[Station Code]]="MT", BART_Rides[[#This Row],[Station Code]]="PL", BART_Rides[[#This Row],[Station Code]]="CC"), "Yes", "No") -> No
A24: 4 | B24: In the YellowLine column, extract whether or not a station is on the Yellow Line: "Yes" if it is on the Yellow Line, and "No" if it is not. Based on the Data Dictionary, a station is on the Yellow line if the first letter of the Lines string is a Y. | D24: Hint! | F24: 44219 | G24: RM | H24: YO | I24: 523 | J24: =MONTH(BART_Rides[[#This Row],[Date]]) -> 1 | K24: =WEEKDAY(BART_Rides[[#This Row],[Date]],2) -> 6 | L24: =LEFT(BART_Rides[[#This Row],[Lines]],1) -> Y | M24: =IF(BART_Rides[[#This Row],[FirstLetter]]="Y","Yes","No") -> Yes | N24: =IF(OR(BART_Rides[[#This Row],[Station Code]]="EM", BART_Rides[[#This Row],[Station Code]]="MT", BART_Rides[[#This Row],[Station Code]]="PL", BART_Rides[[#This Row],[Station Code]]="CC"), "Yes", "No") -> No
F25: 44220 | G25: RM | H25: YO | I25: 310 | J25: =MONTH(BART_Rides[[#This Row],[Date]]) -> 1 | K25: =WEEKDAY(BART_Rides[[#This Row],[Date]],2) -> 7 | L25: =LEFT(BART_Rides[[#This Row],[Lines]],1) -> Y | M25: =IF(BART_Rides[[#This Row],[FirstLetter]]="Y","Yes","No") -> Yes | N25: =IF(OR(BART_Rides[[#This Row],[Station Code]]="EM", BART_Rides[[#This Row],[Station Code]]="MT", BART_Rides[[#This Row],[Station Code]]="PL", BART_Rides[[#This Row],[Station Code]]="CC"), "Yes", "No") -> No
F26: 44221 | G26: RM | H26: YO | I26: 988 | J26: =MONTH(BART_Rides[[#This Row],[Date]]) -> 1 | K26: =WEEKDAY(BART_Rides[[#This Row],[Date]],2) -> 1 | L26: =LEFT(BART_Rides[[#This Row],[Lines]],1) -> Y | M26: =IF(BART_Rides[[#This Row],[FirstLetter]]="Y","Yes","No") -> Yes | N26: =IF(OR(BART_Rides[[#This Row],[Station Code]]="EM", BART_Rides[[#This Row],[Station Code]]="MT", BART_Rides[[#This Row],[Station Code]]="PL", BART_Rides[[#This Row],[Station Code]]="CC"), "Yes", "No") -> No
A27: Prompt ChatGPT: Provide the Excel IF function to check if the first letter of a string is 'Y' and return 'Yes' if true, and 'No' if false. Explain each part of the fomula to me. | F27: 44222 | G27: RM | H27: YO | I27: 909 | J27: =MONTH(BART_Rides[[#This Row],[Date]]) -> 1 | K27: =WEEKDAY(BART_Rides[[#This Row],[Date]],2) -> 2 | L27: =LEFT(BART_Rides[[#This Row],[Lines]],1) -> Y | M27: =IF(BART_Rides[[#This Row],[FirstLetter]]="Y","Yes","No") -> Yes | N27: =IF(OR(BART_Rides[[#This Row],[Station Code]]="EM", BART_Rides[[#This Row],[Station Code]]="MT", BART_Rides[[#This Row],[Station Code]]="PL", BART_Rides[[#This Row],[Station Code]]="CC"), "Yes", "No") -> No
F28: 44223 | G28: RM | H28: YO | I28: 888 | J28: =MONTH(BART_Rides[[#This Row],[Date]]) -> 1 | K28: =WEEKDAY(BART_Rides[[#This Row],[Date]],2) -> 3 | L28: =LEFT(BART_Rides[[#This Row],[Lines]],1) -> Y | M28: =IF(BART_Rides[[#This Row],[FirstLetter]]="Y","Yes","No") -> Yes | N28: =IF(OR(BART_Rides[[#This Row],[Station Code]]="EM", BART_Rides[[#This Row],[Station Code]]="MT", BART_Rides[[#This Row],[Station Code]]="PL", BART_Rides[[#This Row],[Station Code]]="CC"), "Yes", "No") -> No
F29: 44224 | G29: RM | H29: YO | I29: 866 | J29: =MONTH(BART_Rides[[#This Row],[Date]]) -> 1 | K29: =WEEKDAY(BART_Rides[[#This Row],[Date]],2) -> 4 | L29: =LEFT(BART_Rides[[#This Row],[Lines]],1) -> Y | M29: =IF(BART_Rides[[#This Row],[FirstLetter]]="Y","Yes","No") -> Yes | N29: =IF(OR(BART_Rides[[#This Row],[Station Code]]="EM", BART_Rides[[#This Row],[Station Code]]="MT", BART_Rides[[#This Row],[Station Code]]="PL", BART_Rides[[#This Row],[Station Code]]="CC"), "Yes", "No") -> No
A30: Part 2: Key Ridership Metrics | F30: 44225 | G30: RM | H30: YO | I30: 1000 | J30: =MONTH(BART_Rides[[#This Row],[Date]]) -> 1 | K30: =WEEKDAY(BART_Rides[[#This Row],[Date]],2) -> 5 | L30: =LEFT(BART_Rides[[#This Row],[Lines]],1) -> Y | M30: =IF(BART_Rides[[#This Row],[FirstLetter]]="Y","Yes","No") -> Yes | N30: =IF(OR(BART_Rides[[#This Row],[Station Code]]="EM", BART_Rides[[#This Row],[Station Code]]="MT", BART_Rides[[#This Row],[Station Code]]="PL", BART_Rides[[#This Row],[Station Code]]="CC"), "Yes", "No") -> No
F31: 44226 | G31: RM | H31: YO | I31: 1 | J31: =MONTH(BART_Rides[[#This Row],[Date]]) -> 1 | K31: =WEEKDAY(BART_Rides[[#This Row],[Date]],2) -> 6 | L31: =LEFT(BART_Rides[[#This Row],[Lines]],1) -> Y | M31: =IF(BART_Rides[[#This Row],[FirstLetter]]="Y","Yes","No") -> Yes | N31: =IF(OR(BART_Rides[[#This Row],[Station Code]]="EM", BART_Rides[[#This Row],[Station Code]]="MT", BART_Rides[[#This Row],[Station Code]]="PL", BART_Rides[[#This Row],[Station Code]]="CC"), "Yes", "No") -> No
A32: 5 | B32: Use the SUM() function and the Total Passengers column to find out how many total passengers rode BART in all of 2021. This is the baseline ridership metric. | C32: =SUM(BART_Rides[TotalPassengers]) -> 24583309 | F32: 44227 | G32: RM | H32: YO | I32: 1 | J32: =MONTH(BART_Rides[[#This Row],[Date]]) -> 1 | K32: =WEEKDAY(BART_Rides[[#This Row],[Date]],2) -> 7 | L32: =LEFT(BART_Rides[[#This Row],[Lines]],1) -> Y | M32: =IF(BART_Rides[[#This Row],[FirstLetter]]="Y","Yes","No") -> Yes | N32: =IF(OR(BART_Rides[[#This Row],[Station Code]]="EM", BART_Rides[[#This Row],[Station Code]]="MT", BART_Rides[[#This Row],[Station Code]]="PL", BART_Rides[[#This Row],[Station Code]]="CC"), "Yes", "No") -> No
F33: 44228 | G33: RM | H33: YO | I33: 975 | J33: =MONTH(BART_Rides[[#This Row],[Date]]) -> 2 | K33: =WEEKDAY(BART_Rides[[#This Row],[Date]],2) -> 1 | L33: =LEFT(BART_Rides[[#This Row],[Lines]],1) -> Y | M33: =IF(BART_Rides[[#This Row],[FirstLetter]]="Y","Yes","No") -> Yes | N33: =IF(OR(BART_Rides[[#This Row],[Station Code]]="EM", BART_Rides[[#This Row],[Station Code]]="MT", BART_Rides[[#This Row],[Station Code]]="PL", BART_Rides[[#This Row],[Station Code]]="CC"), "Yes", "No") -> No
A34: 6 | B34: How many total passengers rode during a weekday? | C34: =SUMIF(BART_Rides[DayOfWeek],"<6", BART_Rides[TotalPassengers]) -> 20281852 | D34: Hint! | F34: 44229 | G34: RM | H34: YO | I34: 978 | J34: =MONTH(BART_Rides[[#This Row],[Date]]) -> 2 | K34: =WEEKDAY(BART_Rides[[#This Row],[Date]],2) -> 2 | L34: =LEFT(BART_Rides[[#This Row],[Lines]],1) -> Y | M34: =IF(BART_Rides[[#This Row],[FirstLetter]]="Y","Yes","No") -> Yes | N34: =IF(OR(BART_Rides[[#This Row],[Station Code]]="EM", BART_Rides[[#This Row],[Station Code]]="MT", BART_Rides[[#This Row],[Station Code]]="PL", BART_Rides[[#This Row],[Station Code]]="CC"), "Yes", "No") -> No
A35: 7 | B35: What proportion of all passengers rode the BART on the weekday? Remember: The proportion is calculated by dividing the total number of passengers who rode on a weekday by the total number of passengers who rode on the BART. | C35: =C34/C32 -> 0.8250253 | F35: 44230 | G35: RM | H35: YO | I35: 1057 | J35: =MONTH(BART_Rides[[#This Row],[Date]]) -> 2 | K35: =WEEKDAY(BART_Rides[[#This Row],[Date]],2) -> 3 | L35: =LEFT(BART_Rides[[#This Row],[Lines]],1) -> Y | M35: =IF(BART_Rides[[#This Row],[FirstLetter]]="Y","Yes","No") -> Yes | N35: =IF(OR(BART_Rides[[#This Row],[Station Code]]="EM", BART_Rides[[#This Row],[Station Code]]="MT", BART_Rides[[#This Row],[Station Code]]="PL", BART_Rides[[#This Row],[Station Code]]="CC"), "Yes", "No") -> No
F36: 44231 | G36: RM | H36: YO | I36: 1038 | J36: =MONTH(BART_Rides[[#This Row],[Date]]) -> 2 | K36: =WEEKDAY(BART_Rides[[#This Row],[Date]],2) -> 4 | L36: =LEFT(BART_Rides[[#This Row],[Lines]],1) -> Y | M36: =IF(BART_Rides[[#This Row],[FirstLetter]]="Y","Yes","No") -> Yes | N36: =IF(OR(BART_Rides[[#This Row],[Station Code]]="EM", BART_Rides[[#This Row],[Station Code]]="MT", BART_Rides[[#This Row],[Station Code]]="PL", BART_Rides[[#This Row],[Station Code]]="CC"), "Yes", "No") -> No
F37: 44232 | G37: RM | H37: YO | I37: 1029 | J37: =MONTH(BART_Rides[[#This Row],[Date]]) -> 2 | K37: =WEEKDAY(BART_Rides[[#This Row],[Date]],2) -> 5 | L37: =LEFT(BART_Rides[[#This Row],[Lines]],1) -> Y | M37: =IF(BART_Rides[[#This Row],[FirstLetter]]="Y","Yes","No") -> Yes | N37: =IF(OR(BART_Rides[[#This Row],[Station Code]]="EM", BART_Rides[[#This Row],[Station Code]]="MT", BART_Rides[[#This Row],[Station Code]]="PL", BART_Rides[[#This Row],[Station Code]]="CC"), "Yes", "No") -> No
A38: 8 | B38: What proportion of all passengers rode the BART on the weekend? | C38: =(C32-C34)/C32 -> 0.1749747 | F38: 44233 | G38: RM | H38: YO | I38: 581 | J38: =MONTH(BART_Rides[[#This Row],[Date]]) -> 2 | K38: =WEEKDAY(BART_Rides[[#This Row],[Date]],2) -> 6 | L38: =LEFT(BART_Rides[[#This Row],[Lines]],1) -> Y | M38: =IF(BART_Rides[[#This Row],[FirstLetter]]="Y","Yes","No") -> Yes | N38: =IF(OR(BART_Rides[[#This Row],[Station Code]]="EM", BART_Rides[[#This Row],[Station Code]]="MT", BART_Rides[[#This Row],[Station Code]]="PL", BART_Rides[[#This Row],[Station Code]]="CC"), "Yes", "No") -> No
A39: 9 | B39: How many passengers rode on the Yellow Line? | C39: =SUMIF(BART_Rides[YellowLine], "Yes", BART_Rides[TotalPassengers]) -> 19425399 | D39: Hint! | F39: 44234 | G39: RM | H39: YO | I39: 400 | J39: =MONTH(BART_Rides[[#This Row],[Date]]) -> 2 | K39: =WEEKDAY(BART_Rides[[#This Row],[Date]],2) -> 7 | L39: =LEFT(BART_Rides[[#This Row],[Lines]],1) -> Y | M39: =IF(BART_Rides[[#This Row],[FirstLetter]]="Y","Yes","No") -> Yes | N39: =IF(OR(BART_Rides[[#This Row],[Station Code]]="EM", BART_Rides[[#This Row],[Station Code]]="MT", BART_Rides[[#This Row],[Station Code]]="PL", BART_Rides[[#This Row],[Station Code]]="CC"), "Yes", "No") -> No
A40: 10 | B40: What proportion of all passengers ended on a station on the Yellow Line? Remember: The proportion is calculated by dividing the total number of passengers who rode on a Yellow Line by the total number of passengers who rode on the BART. | C40: =C39/C32 -> 0.7901865 | F40: 44235 | G40: RM | H40: YO | I40: 1033 | J40: =MONTH(BART_Rides[[#This Row],[Date]]) -> 2 | K40: =WEEKDAY(BART_Rides[[#This Row],[Date]],2) -> 1 | L40: =LEFT(BART_Rides[[#This Row],[Lines]],1) -> Y | M40: =IF(BART_Rides[[#This Row],[FirstLetter]]="Y","Yes","No") -> Yes | N40: =IF(OR(BART_Rides[[#This Row],[Station Code]]="EM", BART_Rides[[#This Row],[Station Code]]="MT", BART_Rides[[#This Row],[Station Code]]="PL", BART_Rides[[#This Row],[Station Code]]="CC"), "Yes", "No") -> No
F41: 44236 | G41: RM | H41: YO | I41: 1033 | J41: =MONTH(BART_Rides[[#This Row],[Date]]) -> 2 | K41: =WEEKDAY(BART_Rides[[#This Row],[Date]],2) -> 2 | L41: =LEFT(BART_Rides[[#This Row],[Lines]],1) -> Y | M41: =IF(BART_Rides[[#This Row],[FirstLetter]]="Y","Yes","No") -> Yes | N41: =IF(OR(BART_Rides[[#This Row],[Station Code]]="EM", BART_Rides[[#This Row],[Station Code]]="MT", BART_Rides[[#This Row],[Station Code]]="PL", BART_Rides[[#This Row],[Station Code]]="CC"), "Yes", "No") -> No
F42: 44237 | G42: RM | H42: YO | I42: 1107 | J42: =MONTH(BART_Rides[[#This Row],[Date]]) -> 2 | K42: =WEEKDAY(BART_Rides[[#This Row],[Date]],2) -> 3 | L42: =LEFT(BART_Rides[[#This Row],[Lines]],1) -> Y | M42: =IF(BART_Rides[[#This Row],[FirstLetter]]="Y","Yes","No") -> Yes | N42: =IF(OR(BART_Rides[[#This Row],[Station Code]]="EM", BART_Rides[[#This Row],[Station Code]]="MT", BART_Rides[[#This Row],[Station Code]]="PL", BART_Rides[[#This Row],[Station Code]]="CC"), "Yes", "No") -> No
F43: 44238 | G43: RM | H43: YO | I43: 997 | J43: =MONTH(BART_Rides[[#This Row],[Date]]) -> 2 | K43: =WEEKDAY(BART_Rides[[#This Row],[Date]],2) -> 4 | L43: =LEFT(BART_Rides[[#This Row],[Lines]],1) -> Y | M43: =IF(BART_Rides[[#This Row],[FirstLetter]]="Y","Yes","No") -> Yes | N43: =IF(OR(BART_Rides[[#This Row],[Station Code]]="EM", BART_Rides[[#This Row],[Station Code]]="MT", BART_Rides[[#This Row],[Station Code]]="PL", BART_Rides[[#This Row],[Station Code]]="CC"), "Yes", "No") -> No
A44: Part 3: Making Data-Driven Decisions | F44: 44239 | G44: RM | H44: YO | I44: 1044 | J44: =MONTH(BART_Rides[[#This Row],[Date]]) -> 2 | K44: =WEEKDAY(BART_Rides[[#This Row],[Date]],2) -> 5 | L44: =LEFT(BART_Rides[[#This Row],[Lines]],1) -> Y | M44: =IF(BART_Rides[[#This Row],[FirstLetter]]="Y","Yes","No") -> Yes | N44: =IF(OR(BART_Rides[[#This Row],[Station Code]]="EM", BART_Rides[[#This Row],[Station Code]]="MT", BART_Rides[[#This Row],[Station Code]]="PL", BART_Rides[[#This Row],[Station Code]]="CC"), "Yes", "No") -> No
F45: 44240 | G45: RM | H45: YO | I45: 0 | J45: =MONTH(BART_Rides[[#This Row],[Date]]) -> 2 | K45: =WEEKDAY(BART_Rides[[#This Row],[Date]],2) -> 6 | L45: =LEFT(BART_Rides[[#This Row],[Lines]],1) -> Y | M45: =IF(BART_Rides[[#This Row],[FirstLetter]]="Y","Yes","No") -> Yes | N45: =IF(OR(BART_Rides[[#This Row],[Station Code]]="EM", BART_Rides[[#This Row],[Station Code]]="MT", BART_Rides[[#This Row],[Station Code]]="PL", BART_Rides[[#This Row],[Station Code]]="CC"), "Yes", "No") -> No
A46: 11 | B46: What might the difference in ridership on the weekdays versus the weekends suggest about commuter behavior? Based on your analysis, how should BART adjust its services to optimize ridership for both weekdays and weekends? | F46: 44241 | G46: RM | H46: YO | I46: 0 | J46: =MONTH(BART_Rides[[#This Row],[Date]]) -> 2 | K46: =WEEKDAY(BART_Rides[[#This Row],[Date]],2) -> 7 | L46: =LEFT(BART_Rides[[#This Row],[Lines]],1) -> Y | M46: =IF(BART_Rides[[#This Row],[FirstLetter]]="Y","Yes","No") -> Yes | N46: =IF(OR(BART_Rides[[#This Row],[Station Code]]="EM", BART_Rides[[#This Row],[Station Code]]="MT", BART_Rides[[#This Row],[Station Code]]="PL", BART_Rides[[#This Row],[Station Code]]="CC"), "Yes", "No") -> No
F47: 44242 | G47: RM | H47: YO | I47: 0 | J47: =MONTH(BART_Rides[[#This Row],[Date]]) -> 2 | K47: =WEEKDAY(BART_Rides[[#This Row],[Date]],2) -> 1 | L47: =LEFT(BART_Rides[[#This Row],[Lines]],1) -> Y | M47: =IF(BART_Rides[[#This Row],[FirstLetter]]="Y","Yes","No") -> Yes | N47: =IF(OR(BART_Rides[[#This Row],[Station Code]]="EM", BART_Rides[[#This Row],[Station Code]]="MT", BART_Rides[[#This Row],[Station Code]]="PL", BART_Rides[[#This Row],[Station Code]]="CC"), "Yes", "No") -> No
A48: Prompt ChatGPT: I found that XX% of BART passengers ride on the weekday and XX% ride on the weekend. What kind of factors should I be looking at to understand why these differences exist, and how can BART best adjust services for these trends? | F48: 44243 | G48: RM | H48: YO | I48: 1002 | J48: =MONTH(BART_Rides[[#This Row],[Date]]) -> 2 | K48: =WEEKDAY(BART_Rides[[#This Row],[Date]],2) -> 2 | L48: =LEFT(BART_Rides[[#This Row],[Lines]],1) -> Y | M48: =IF(BART_Rides[[#This Row],[FirstLetter]]="Y","Yes","No") -> Yes | N48: =IF(OR(BART_Rides[[#This Row],[Station Code]]="EM", BART_Rides[[#This Row],[Station Code]]="MT", BART_Rides[[#This Row],[Station Code]]="PL", BART_Rides[[#This Row],[Station Code]]="CC"), "Yes", "No") -> No
F49: 44244 | G49: RM | H49: YO | I49: 1080 | J49: =MONTH(BART_Rides[[#This Row],[Date]]) -> 2 | K49: =WEEKDAY(BART_Rides[[#This Row],[Date]],2) -> 3 | L49: =LEFT(BART_Rides[[#This Row],[Lines]],1) -> Y | M49: =IF(BART_Rides[[#This Row],[FirstLetter]]="Y","Yes","No") -> Yes | N49: =IF(OR(BART_Rides[[#This Row],[Station Code]]="EM", BART_Rides[[#This Row],[Station Code]]="MT", BART_Rides[[#This Row],[Station Code]]="PL", BART_Rides[[#This Row],[Station Code]]="CC"), "Yes", "No") -> No
A50: The difference could be for a multitude of reasons. For students, appointments and errands, and work, most of these responsibilities end up on a weekday, and need transportation assistance. However, since school and most major appointments are closed over the weekends, there isn't much demand for the rail. Furthermore, most people go on trips over the weekends, which requires a car or plane, not requiring a railway. BART should optimize for both the weekdays and weekends by adding extra service and extra prep time for the weekdays, as they are the busiest. This includes extra staff members, extra security in case if anything goes awry, and extra cleaners to keep the railway safe and clean. For the weekend, the railway could optimize by reducing the amount of staff onboard, as there are a lot less passengers. If you want to increase sales over the weekends you could drop weekend prices and possibly put up signs and locations of events where railways might take customers close to. | F50: 44245 | G50: RM | H50: YO | I50: 1036 | J50: =MONTH(BART_Rides[[#This Row],[Date]]) -> 2 | K50: =WEEKDAY(BART_Rides[[#This Row],[Date]],2) -> 4 | L50: =LEFT(BART_Rides[[#This Row],[Lines]],1) -> Y | M50: =IF(BART_Rides[[#This Row],[FirstLetter]]="Y","Yes","No") -> Yes | N50: =IF(OR(BART_Rides[[#This Row],[Station Code]]="EM", BART_Rides[[#This Row],[Station Code]]="MT", BART_Rides[[#This Row],[Station Code]]="PL", BART_Rides[[#This Row],[Station Code]]="CC"), "Yes", "No") -> No
F51: 44246 | G51: RM | H51: YO | I51: 1014 | J51: =MONTH(BART_Rides[[#This Row],[Date]]) -> 2 | K51: =WEEKDAY(BART_Rides[[#This Row],[Date]],2) -> 5 | L51: =LEFT(BART_Rides[[#This Row],[Lines]],1) -> Y | M51: =IF(BART_Rides[[#This Row],[FirstLetter]]="Y","Yes","No") -> Yes | N51: =IF(OR(BART_Rides[[#This Row],[Station Code]]="EM", BART_Rides[[#This Row],[Station Code]]="MT", BART_Rides[[#This Row],[Station Code]]="PL", BART_Rides[[#This Row],[Station Code]]="CC"), "Yes", "No") -> No
F52: 44247 | G52: RM | H52: YO | I52: 554 | J52: =MONTH(BART_Rides[[#This Row],[Date]]) -> 2 | K52: =WEEKDAY(BART_Rides[[#This Row],[Date]],2) -> 6 | L52: =LEFT(BART_Rides[[#This Row],[Lines]],1) -> Y | M52: =IF(BART_Rides[[#This Row],[FirstLetter]]="Y","Yes","No") -> Yes | N52: =IF(OR(BART_Rides[[#This Row],[Station Code]]="EM", BART_Rides[[#This Row],[Station Code]]="MT", BART_Rides[[#This Row],[Station Code]]="PL", BART_Rides[[#This Row],[Station Code]]="CC"), "Yes", "No") -> No
F53: 44248 | G53: RM | H53: YO | I53: 451 | J53: =MONTH(BART_Rides[[#This Row],[Date]]) -> 2 | K53: =WEEKDAY(BART_Rides[[#This Row],[Date]],2) -> 7 | L53: =LEFT(BART_Rides[[#This Row],[Lines]],1) -> Y | M53: =IF(BART_Rides[[#This Row],[FirstLetter]]="Y","Yes","No") -> Yes | N53: =IF(OR(BART_Rides[[#This Row],[Station Code]]="EM", BART_Rides[[#This Row],[Station Code]]="MT", BART_Rides[[#This Row],[Station Code]]="PL", BART_Rides[[#This Row],[Station Code]]="CC"), "Yes", "No") -> No
F54: 44249 | G54: RM | H54: YO | I54: 1049 | J54: =MONTH(BART_Rides[[#This Row],[Date]]) -> 2 | K54: =WEEKDAY(BART_Rides[[#This Row],[Date]],2) -> 1 | L54: =LEFT(BART_Rides[[#This Row],[Lines]],1) -> Y | M54: =IF(BART_Rides[[#This Row],[FirstLetter]]="Y","Yes","No") -> Yes | N54: =IF(OR(BART_Rides[[#This Row],[Station Code]]="EM", BART_Rides[[#This Row],[Station Code]]="MT", BART_Rides[[#This Row],[Station Code]]="PL", BART_Rides[[#This Row],[Station Code]]="CC"), "Yes", "No") -> No
A55: 12 | B55: Given that the vast majority of BART passengers use the Yellow Line, what other types of data would you want to know about the Yellow Line in order to evaluate its impact on overall system efficiency and rider experience? How could this additional data help inform decisions about expanding or reducing Yellow Line service? | F55: 44250 | G55: RM | H55: YO | I55: 1027 | J55: =MONTH(BART_Rides[[#This Row],[Date]]) -> 2 | K55: =WEEKDAY(BART_Rides[[#This Row],[Date]],2) -> 2 | L55: =LEFT(BART_Rides[[#This Row],[Lines]],1) -> Y | M55: =IF(BART_Rides[[#This Row],[FirstLetter]]="Y","Yes","No") -> Yes | N55: =IF(OR(BART_Rides[[#This Row],[Station Code]]="EM", BART_Rides[[#This Row],[Station Code]]="MT", BART_Rides[[#This Row],[Station Code]]="PL", BART_Rides[[#This Row],[Station Code]]="CC"), "Yes", "No") -> No
F56: 44251 | G56: RM | H56: YO | I56: 1043 | J56: =MONTH(BART_Rides[[#This Row],[Date]]) -> 2 | K56: =WEEKDAY(BART_Rides[[#This Row],[Date]],2) -> 3 | L56: =LEFT(BART_Rides[[#This Row],[Lines]],1) -> Y | M56: =IF(BART_Rides[[#This Row],[FirstLetter]]="Y","Yes","No") -> Yes | N56: =IF(OR(BART_Rides[[#This Row],[Station Code]]="EM", BART_Rides[[#This Row],[Station Code]]="MT", BART_Rides[[#This Row],[Station Code]]="PL", BART_Rides[[#This Row],[Station Code]]="CC"), "Yes", "No") -> No
F57: 44252 | G57: RM | H57: YO | I57: 1070 | J57: =MONTH(BART_Rides[[#This Row],[Date]]) -> 2 | K57: =WEEKDAY(BART_Rides[[#This Row],[Date]],2) -> 4 | L57: =LEFT(BART_Rides[[#This Row],[Lines]],1) -> Y | M57: =IF(BART_Rides[[#This Row],[FirstLetter]]="Y","Yes","No") -> Yes | N57: =IF(OR(BART_Rides[[#This Row],[Station Code]]="EM", BART_Rides[[#This Row],[Station Code]]="MT", BART_Rides[[#This Row],[Station Code]]="PL", BART_Rides[[#This Row],[Station Code]]="CC"), "Yes", "No") -> No
A58: I would like to evaluate the amount of Yellow Line railways there are as well as the amount of staff, how they run the yellow line stations, if the yellow lines are faster than other lines, as well as what are the most popular yellow line destinations. This could help expand new Yellow Lines and improve others if they are found to be more efficient. However, if it is just a simple case of more yellow lines than not I suggest expanding other lines if the company would like any other lines. | F58: 44253 | G58: RM | H58: YO | I58: 1066 | J58: =MONTH(BART_Rides[[#This Row],[Date]]) -> 2 | K58: =WEEKDAY(BART_Rides[[#This Row],[Date]],2) -> 5 | L58: =LEFT(BART_Rides[[#This Row],[Lines]],1) -> Y | M58: =IF(BART_Rides[[#This Row],[FirstLetter]]="Y","Yes","No") -> Yes | N58: =IF(OR(BART_Rides[[#This Row],[Station Code]]="EM", BART_Rides[[#This Row],[Station Code]]="MT", BART_Rides[[#This Row],[Station Code]]="PL", BART_Rides[[#This Row],[Station Code]]="CC"), "Yes", "No") -> No
F59: 44254 | G59: RM | H59: YO | I59: 0 | J59: =MONTH(BART_Rides[[#This Row],[Date]]) -> 2 | K59: =WEEKDAY(BART_Rides[[#This Row],[Date]],2) -> 6 | L59: =LEFT(BART_Rides[[#This Row],[Lines]],1) -> Y | M59: =IF(BART_Rides[[#This Row],[FirstLetter]]="Y","Yes","No") -> Yes | N59: =IF(OR(BART_Rides[[#This Row],[Station Code]]="EM", BART_Rides[[#This Row],[Station Code]]="MT", BART_Rides[[#This Row],[Station Code]]="PL", BART_Rides[[#This Row],[Station Code]]="CC"), "Yes", "No") -> No
F60: 44255 | G60: RM | H60: YO | I60: 0 | J60: =MONTH(BART_Rides[[#This Row],[Date]]) -> 2 | K60: =WEEKDAY(BART_Rides[[#This Row],[Date]],2) -> 7 | L60: =LEFT(BART_Rides[[#This Row],[Lines]],1) -> Y | M60: =IF(BART_Rides[[#This Row],[FirstLetter]]="Y","Yes","No") -> Yes | N60: =IF(OR(BART_Rides[[#This Row],[Station Code]]="EM", BART_Rides[[#This Row],[Station Code]]="MT", BART_Rides[[#This Row],[Station Code]]="PL", BART_Rides[[#This Row],[Station Code]]="CC"), "Yes", "No") -> No
F61: 44256 | G61: RM | H61: YO | I61: 1049 | J61: =MONTH(BART_Rides[[#This Row],[Date]]) -> 3 | K61: =WEEKDAY(BART_Rides[[#This Row],[Date]],2) -> 1 | L61: =LEFT(BART_Rides[[#This Row],[Lines]],1) -> Y | M61: =IF(BART_Rides[[#This Row],[FirstLetter]]="Y","Yes","No") -> Yes | N61: =IF(OR(BART_Rides[[#This Row],[Station Code]]="EM", BART_Rides[[#This Row],[Station Code]]="MT", BART_Rides[[#This Row],[Station Code]]="PL", BART_Rides[[#This Row],[Station Code]]="CC"), "Yes", "No") -> No
F62: 44257 | G62: RM | H62: YO | I62: 1093 | J62: =MONTH(BART_Rides[[#This Row],[Date]]) -> 3 | K62: =WEEKDAY(BART_Rides[[#This Row],[Date]],2) -> 2 | L62: =LEFT(BART_Rides[[#This Row],[Lines]],1) -> Y | M62: =IF(BART_Rides[[#This Row],[FirstLetter]]="Y","Yes","No") -> Yes | N62: =IF(OR(BART_Rides[[#This Row],[Station Code]]="EM", BART_Rides[[#This Row],[Station Code]]="MT", BART_Rides[[#This Row],[Station Code]]="PL", BART_Rides[[#This Row],[Station Code]]="CC"), "Yes", "No") -> No
F63: 44258 | G63: RM | H63: YO | I63: 1097 | J63: =MONTH(BART_Rides[[#This Row],[Date]]) -> 3 | K63: =WEEKDAY(BART_Rides[[#This Row],[Date]],2) -> 3 | L63: =LEFT(BART_Rides[[#This Row],[Lines]],1) -> Y | M63: =IF(BART_Rides[[#This Row],[FirstLetter]]="Y","Yes","No") -> Yes | N63: =IF(OR(BART_Rides[[#This Row],[Station Code]]="EM", BART_Rides[[#This Row],[Station Code]]="MT", BART_Rides[[#This Row],[Station Code]]="PL", BART_Rides[[#This Row],[Station Code]]="CC"), "Yes", "No") -> No
A64: LevelUp: Downtown Ridership | F64: 44259 | G64: RM | H64: YO | I64: 1108 | J64: =MONTH(BART_Rides[[#This Row],[Date]]) -> 3 | K64: =WEEKDAY(BART_Rides[[#This Row],[Date]],2) -> 4 | L64: =LEFT(BART_Rides[[#This Row],[Lines]],1) -> Y | M64: =IF(BART_Rides[[#This Row],[FirstLetter]]="Y","Yes","No") -> Yes | N64: =IF(OR(BART_Rides[[#This Row],[Station Code]]="EM", BART_Rides[[#This Row],[Station Code]]="MT", BART_Rides[[#This Row],[Station Code]]="PL", BART_Rides[[#This Row],[Station Code]]="CC"), "Yes", "No") -> No
F65: 44260 | G65: RM | H65: YO | I65: 1125 | J65: =MONTH(BART_Rides[[#This Row],[Date]]) -> 3 | K65: =WEEKDAY(BART_Rides[[#This Row],[Date]],2) -> 5 | L65: =LEFT(BART_Rides[[#This Row],[Lines]],1) -> Y | M65: =IF(BART_Rides[[#This Row],[FirstLetter]]="Y","Yes","No") -> Yes | N65: =IF(OR(BART_Rides[[#This Row],[Station Code]]="EM", BART_Rides[[#This Row],[Station Code]]="MT", BART_Rides[[#This Row],[Station Code]]="PL", BART_Rides[[#This Row],[Station Code]]="CC"), "Yes", "No") -> No
A66: 13 | B66: LevelUp (Optional): In the Downtown column, extract whether or not a station is one of the four stations in downtown San Francisco: EM, MT, PL, CC: "Yes" if it is one of those stations, "No" if it is not. | D66: Hint! | F66: 44261 | G66: RM | H66: YO | I66: 599 | J66: =MONTH(BART_Rides[[#This Row],[Date]]) -> 3 | K66: =WEEKDAY(BART_Rides[[#This Row],[Date]],2) -> 6 | L66: =LEFT(BART_Rides[[#This Row],[Lines]],1) -> Y | M66: =IF(BART_Rides[[#This Row],[FirstLetter]]="Y","Yes","No") -> Yes | N66: =IF(OR(BART_Rides[[#This Row],[Station Code]]="EM", BART_Rides[[#This Row],[Station Code]]="MT", BART_Rides[[#This Row],[Station Code]]="PL", BART_Rides[[#This Row],[Station Code]]="CC"), "Yes", "No") -> No
F67: 44262 | G67: RM | H67: YO | I67: 454 | J67: =MONTH(BART_Rides[[#This Row],[Date]]) -> 3 | K67: =WEEKDAY(BART_Rides[[#This Row],[Date]],2) -> 7 | L67: =LEFT(BART_Rides[[#This Row],[Lines]],1) -> Y | M67: =IF(BART_Rides[[#This Row],[FirstLetter]]="Y","Yes","No") -> Yes | N67: =IF(OR(BART_Rides[[#This Row],[Station Code]]="EM", BART_Rides[[#This Row],[Station Code]]="MT", BART_Rides[[#This Row],[Station Code]]="PL", BART_Rides[[#This Row],[Station Code]]="CC"), "Yes", "No") -> No
A68: 14 | B68: How many total passengers traveled through the downtown San Francisco stations? | C68: =SUMIF(BART_Rides[Downtown], "Yes", BART_Rides[TotalPassengers]) -> 6932181 | F68: 44263 | G68: RM | H68: YO | I68: 1030 | J68: =MONTH(BART_Rides[[#This Row],[Date]]) -> 3 | K68: =WEEKDAY(BART_Rides[[#This Row],[Date]],2) -> 1 | L68: =LEFT(BART_Rides[[#This Row],[Lines]],1) -> Y | M68: =IF(BART_Rides[[#This Row],[FirstLetter]]="Y","Yes","No") -> Yes | N68: =IF(OR(BART_Rides[[#This Row],[Station Code]]="EM", BART_Rides[[#This Row],[Station Code]]="MT", BART_Rides[[#This Row],[Station Code]]="PL", BART_Rides[[#This Row],[Station Code]]="CC"), "Yes", "No") -> No
A69: 15 | B69: What proportion of all passengers traveled through a downtown station? | C69: =C68/C32 -> 0.2819873 | F69: 44264 | G69: RM | H69: YO | I69: 1005 | J69: =MONTH(BART_Rides[[#This Row],[Date]]) -> 3 | K69: =WEEKDAY(BART_Rides[[#This Row],[Date]],2) -> 2 | L69: =LEFT(BART_Rides[[#This Row],[Lines]],1) -> Y | M69: =IF(BART_Rides[[#This Row],[FirstLetter]]="Y","Yes","No") -> Yes | N69: =IF(OR(BART_Rides[[#This Row],[Station Code]]="EM", BART_Rides[[#This Row],[Station Code]]="MT", BART_Rides[[#This Row],[Station Code]]="PL", BART_Rides[[#This Row],[Station Code]]="CC"), "Yes", "No") -> No
A70: 16 | B70: How does the ridership at downtown stations compare to non-downtown stations in terms of total passenger volume? What insights can we gain from this comparison to inform service scheduling and station prioritization? | F70: 44265 | G70: RM | H70: YO | I70: 998 | J70: =MONTH(BART_Rides[[#This Row],[Date]]) -> 3 | K70: =WEEKDAY(BART_Rides[[#This Row],[Date]],2) -> 3 | L70: =LEFT(BART_Rides[[#This Row],[Lines]],1) -> Y | M70: =IF(BART_Rides[[#This Row],[FirstLetter]]="Y","Yes","No") -> Yes | N70: =IF(OR(BART_Rides[[#This Row],[Station Code]]="EM", BART_Rides[[#This Row],[Station Code]]="MT", BART_Rides[[#This Row],[Station Code]]="PL", BART_Rides[[#This Row],[Station Code]]="CC"), "Yes", "No") -> No
F71: 44266 | G71: RM | H71: YO | I71: 1103 | J71: =MONTH(BART_Rides[[#This Row],[Date]]) -> 3 | K71: =WEEKDAY(BART_Rides[[#This Row],[Date]],2) -> 4 | L71: =LEFT(BART_Rides[[#This Row],[Lines]],1) -> Y | M71: =IF(BART_Rides[[#This Row],[FirstLetter]]="Y","Yes","No") -> Yes | N71: =IF(OR(BART_Rides[[#This Row],[Station Code]]="EM", BART_Rides[[#This Row],[Station Code]]="MT", BART_Rides[[#This Row],[Station Code]]="PL", BART_Rides[[#This Row],[Station Code]]="CC"), "Yes", "No") -> No
A72: Although the ridership to downtown is only at 28.2%, 28.2% of all 49 stations comes from these 4 downtown stations, which is incredible total passenger volume. If you break down the math, since the rest of the no downtown areas comes around 71.8%, that means each downtown station brings roughly 7.05% (if distributed evenly) while each non-downtown area only brings in around 1.6% (if distributed evenly). Although it is not the majority percentage these stations should have higher prioritization as they have greater total passenger volume. This also means greater service scheduling as there would be more wear and tear on these stations, although that does not mean the other stations should be neglected. | F72: 44267 | G72: RM | H72: YO | I72: 1069 | J72: =MONTH(BART_Rides[[#This Row],[Date]]) -> 3 | K72: =WEEKDAY(BART_Rides[[#This Row],[Date]],2) -> 5 | L72: =LEFT(BART_Rides[[#This Row],[Lines]],1) -> Y | M72: =IF(BART_Rides[[#This Row],[FirstLetter]]="Y","Yes","No") -> Yes | N72: =IF(OR(BART_Rides[[#This Row],[Station Code]]="EM", BART_Rides[[#This Row],[Station Code]]="MT", BART_Rides[[#This Row],[Station Code]]="PL", BART_Rides[[#This Row],[Station Code]]="CC"), "Yes", "No") -> No
F73: 44268 | G73: RM | H73: YO | I73: 0 | J73: =MONTH(BART_Rides[[#This Row],[Date]]) -> 3 | K73: =WEEKDAY(BART_Rides[[#This Row],[Date]],2) -> 6 | L73: =LEFT(BART_Rides[[#This Row],[Lines]],1) -> Y | M73: =IF(BART_Rides[[#This Row],[FirstLetter]]="Y","Yes","No") -> Yes | N73: =IF(OR(BART_Rides[[#This Row],[Station Code]]="EM", BART_Rides[[#This Row],[Station Code]]="MT", BART_Rides[[#This Row],[Station Code]]="PL", BART_Rides[[#This Row],[Station Code]]="CC"), "Yes", "No") -> No
F74: 44269 | G74: RM | H74: YO | I74: 0 | J74: =MONTH(BART_Rides[[#This Row],[Date]]) -> 3 | K74: =WEEKDAY(BART_Rides[[#This Row],[Date]],2) -> 7 | L74: =LEFT(BART_Rides[[#This Row],[Lines]],1) -> Y | M74: =IF(BART_Rides[[#This Row],[FirstLetter]]="Y","Yes","No") -> Yes | N74: =IF(OR(BART_Rides[[#This Row],[Station Code]]="EM", BART_Rides[[#This Row],[Station Code]]="MT", BART_Rides[[#This Row],[Station Code]]="PL", BART_Rides[[#This Row],[Station Code]]="CC"), "Yes", "No") -> No
F75: 44270 | G75: RM | H75: YO | I75: 1061 | J75: =MONTH(BART_Rides[[#This Row],[Date]]) -> 3 | K75: =WEEKDAY(BART_Rides[[#This Row],[Date]],2) -> 1 | L75: =LEFT(BART_Rides[[#This Row],[Lines]],1) -> Y | M75: =IF(BART_Rides[[#This Row],[FirstLetter]]="Y","Yes","No") -> Yes | N75: =IF(OR(BART_Rides[[#This Row],[Station Code]]="EM", BART_Rides[[#This Row],[Station Code]]="MT", BART_Rides[[#This Row],[Station Code]]="PL", BART_Rides[[#This Row],[Station Code]]="CC"), "Yes", "No") -> No
F76: 44271 | G76: RM | H76: YO | I76: 1102 | J76: =MONTH(BART_Rides[[#This Row],[Date]]) -> 3 | K76: =WEEKDAY(BART_Rides[[#This Row],[Date]],2) -> 2 | L76: =LEFT(BART_Rides[[#This Row],[Lines]],1) -> Y | M76: =IF(BART_Rides[[#This Row],[FirstLetter]]="Y","Yes","No") -> Yes | N76: =IF(OR(BART_Rides[[#This Row],[Station Code]]="EM", BART_Rides[[#This Row],[Station Code]]="MT", BART_Rides[[#This Row],[Station Code]]="PL", BART_Rides[[#This Row],[Station Code]]="CC"), "Yes", "No") -> No
F77: 44272 | G77: RM | H77: YO | I77: 1088 | J77: =MONTH(BART_Rides[[#This Row],[Date]]) -> 3 | K77: =WEEKDAY(BART_Rides[[#This Row],[Date]],2) -> 3 | L77: =LEFT(BART_Rides[[#This Row],[Lines]],1) -> Y | M77: =IF(BART_Rides[[#This Row],[FirstLetter]]="Y","Yes","No") -> Yes | N77: =IF(OR(BART_Rides[[#This Row],[Station Code]]="EM", BART_Rides[[#This Row],[Station Code]]="MT", BART_Rides[[#This Row],[Station Code]]="PL", BART_Rides[[#This Row],[Station Code]]="CC"), "Yes", "No") -> No
F78: 44273 | G78: RM | H78: YO | I78: 998 | J78: =MONTH(BART_Rides[[#This Row],[Date]]) -> 3 | K78: =WEEKDAY(BART_Rides[[#This Row],[Date]],2) -> 4 | L78: =LEFT(BART_Rides[[#This Row],[Lines]],1) -> Y | M78: =IF(BART_Rides[[#This Row],[FirstLetter]]="Y","Yes","No") -> Yes | N78: =IF(OR(BART_Rides[[#This Row],[Station Code]]="EM", BART_Rides[[#This Row],[Station Code]]="MT", BART_Rides[[#This Row],[Station Code]]="PL", BART_Rides[[#This Row],[Station Code]]="CC"), "Yes", "No") -> No
F79: 44274 | G79: RM | H79: YO | I79: 1089 | J79: =MONTH(BART_Rides[[#This Row],[Date]]) -> 3 | K79: =WEEKDAY(BART_Rides[[#This Row],[Date]],2) -> 5 | L79: =LEFT(BART_Rides[[#This Row],[Lines]],1) -> Y | M79: =IF(BART_Rides[[#This Row],[FirstLetter]]="Y","Yes","No") -> Yes | N79: =IF(OR(BART_Rides[[#This Row],[Station Code]]="EM", BART_Rides[[#This Row],[Station Code]]="MT", BART_Rides[[#This Row],[Station Code]]="PL", BART_Rides[[#This Row],[Station Code]]="CC"), "Yes", "No") -> No
F80: 44275 | G80: RM | H80: YO | I80: 558 | J80: =MONTH(BART_Rides[[#This Row],[Date]]) -> 3 | K80: =WEEKDAY(BART_Rides[[#This Row],[Date]],2) -> 6 | L80: =LEFT(BART_Rides[[#This Row],[Lines]],1) -> Y | M80: =IF(BART_Rides[[#This Row],[FirstLetter]]="Y","Yes","No") -> Yes | N80: =IF(OR(BART_Rides[[#This Row],[Station Code]]="EM", BART_Rides[[#This Row],[Station Code]]="MT", BART_Rides[[#This Row],[Station Code]]="PL", BART_Rides[[#This Row],[Station Code]]="CC"), "Yes", "No") -> No
F81: 44276 | G81: RM | H81: YO | I81: 456 | J81: =MONTH(BART_Rides[[#This Row],[Date]]) -> 3 | K81: =WEEKDAY(BART_Rides[[#This Row],[Date]],2) -> 7 | L81: =LEFT(BART_Rides[[#This Row],[Lines]],1) -> Y | M81: =IF(BART_Rides[[#This Row],[FirstLetter]]="Y","Yes","No") -> Yes | N81: =IF(OR(BART_Rides[[#This Row],[Station Code]]="EM", BART_Rides[[#This Row],[Station Code]]="MT", BART_Rides[[#This Row],[Station Code]]="PL", BART_Rides[[#This Row],[Station Code]]="CC"), "Yes", "No") -> No
F82: 44277 | G82: RM | H82: YO | I82: 1072 | J82: =MONTH(BART_Rides[[#This Row],[Date]]) -> 3 | K82: =WEEKDAY(BART_Rides[[#This Row],[Date]],2) -> 1 | L82: =LEFT(BART_Rides[[#This Row],[Lines]],1) -> Y | M82: =IF(BART_Rides[[#This Row],[FirstLetter]]="Y","Yes","No") -> Yes | N82: =IF(OR(BART_Rides[[#This Row],[Station Code]]="EM", BART_Rides[[#This Row],[Station Code]]="MT", BART_Rides[[#This Row],[Station Code]]="PL", BART_Rides[[#This Row],[Station Code]]="CC"), "Yes", "No") -> No
F83: 44278 | G83: RM | H83: YO | I83: 1092 | J83: =MONTH(BART_Rides[[#This Row],[Date]]) -> 3 | K83: =WEEKDAY(BART_Rides[[#This Row],[Date]],2) -> 2 | L83: =LEFT(BART_Rides[[#This Row],[Lines]],1) -> Y | M83: =IF(BART_Rides[[#This Row],[FirstLetter]]="Y","Yes","No") -> Yes | N83: =IF(OR(BART_Rides[[#This Row],[Station Code]]="EM", BART_Rides[[#This Row],[Station Code]]="MT", BART_Rides[[#This Row],[Station Code]]="PL", BART_Rides[[#This Row],[Station Code]]="CC"), "Yes", "No") -> No
F84: 44279 | G84: RM | H84: YO | I84: 1151 | J84: =MONTH(BART_Rides[[#This Row],[Date]]) -> 3 | K84: =WEEKDAY(BART_Rides[[#This Row],[Date]],2) -> 3 | L84: =LEFT(BART_Rides[[#This Row],[Lines]],1) -> Y | M84: =IF(BART_Rides[[#This Row],[FirstLetter]]="Y","Yes","No") -> Yes | N84: =IF(OR(BART_Rides[[#This Row],[Station Code]]="EM", BART_Rides[[#This Row],[Station Code]]="MT", BART_Rides[[#This Row],[Station Code]]="PL", BART_Rides[[#This Row],[Station Code]]="CC"), "Yes", "No") -> No
... F2556: 44561 | G2556: MA | H2556: YOR | I2556: 1253 | J2556: =MONTH(BART_Rides[[#This Row],[Date]]) -> 12 | K2556: =WEEKDAY(BART_Rides[[#This Row],[Date]],2) -> 5 | L2556: =LEFT(BART_Rides[[#This Row],[Lines]],1) -> Y | M2556: =IF(BART_Rides[[#This Row],[FirstLetter]]="Y","Yes","No") -> Yes | N2556: =IF(OR(BART_Rides[[#This Row],[Station Code]]="EM", BART_Rides[[#This Row],[Station Code]]="MT", BART_Rides[[#This Row],[Station Code]]="PL", BART_Rides[[#This Row],[Station Code]]="CC"), "Yes", "No") -> No
F2557: 44197 | G2557: 19 | H2557: YOR | I2557: 279 | J2557: =MONTH(BART_Rides[[#This Row],[Date]]) -> 1 | K2557: =WEEKDAY(BART_Rides[[#This Row],[Date]],2) -> 5 | L2557: =LEFT(BART_Rides[[#This Row],[Lines]],1) -> Y | M2557: =IF(BART_Rides[[#This Row],[FirstLetter]]="Y","Yes","No") -> Yes | N2557: =IF(OR(BART_Rides[[#This Row],[Station Code]]="EM", BART_Rides[[#This Row],[Station Code]]="MT", BART_Rides[[#This Row],[Station Code]]="PL", BART_Rides[[#This Row],[Station Code]]="CC"), "Yes", "No") -> No
F2558: 44198 | G2558: 19 | H2558: YOR | I2558: 356 | J2558: =MONTH(BART_Rides[[#This Row],[Date]]) -> 1 | K2558: =WEEKDAY(BART_Rides[[#This Row],[Date]],2) -> 6 | L2558: =LEFT(BART_Rides[[#This Row],[Lines]],1) -> Y | M2558: =IF(BART_Rides[[#This Row],[FirstLetter]]="Y","Yes","No") -> Yes | N2558: =IF(OR(BART_Rides[[#This Row],[Station Code]]="EM", BART_Rides[[#This Row],[Station Code]]="MT", BART_Rides[[#This Row],[Station Code]]="PL", BART_Rides[[#This Row],[Station Code]]="CC"), "Yes", "No") -> No
F2559: 44199 | G2559: 19 | H2559: YOR | I2559: 318 | J2559: =MONTH(BART_Rides[[#This Row],[Date]]) -> 1 | K2559: =WEEKDAY(BART_Rides[[#This Row],[Date]],2) -> 7 | L2559: =LEFT(BART_Rides[[#This Row],[Lines]],1) -> Y | M2559: =IF(BART_Rides[[#This Row],[FirstLetter]]="Y","Yes","No") -> Yes | N2559: =IF(OR(BART_Rides[[#This Row],[Station Code]]="EM", BART_Rides[[#This Row],[Station Code]]="MT", BART_Rides[[#This Row],[Station Code]]="PL", BART_Rides[[#This Row],[Station Code]]="CC"), "Yes", "No") -> No
F2560: 44200 | G2560: 19 | H2560: YOR | I2560: 795 | J2560: =MONTH(BART_Rides[[#This Row],[Date]]) -> 1 | K2560: =WEEKDAY(BART_Rides[[#This Row],[Date]],2) -> 1 | L2560: =LEFT(BART_Rides[[#This Row],[Lines]],1) -> Y | M2560: =IF(BART_Rides[[#This Row],[FirstLetter]]="Y","Yes","No") -> Yes | N2560: =IF(OR(BART_Rides[[#This Row],[Station Code]]="EM", BART_Rides[[#This Row],[Station Code]]="MT", BART_Rides[[#This Row],[Station Code]]="PL", BART_Rides[[#This Row],[Station Code]]="CC"), "Yes", "No") -> No
F2561: 44201 | G2561: 19 | H2561: YOR | I2561: 971 | J2561: =MONTH(BART_Rides[[#This Row],[Date]]) -> 1 | K2561: =WEEKDAY(BART_Rides[[#This Row],[Date]],2) -> 2 | L2561: =LEFT(BART_Rides[[#This Row],[Lines]],1) -> Y | M2561: =IF(BART_Rides[[#This Row],[FirstLetter]]="Y","Yes","No") -> Yes | N2561: =IF(OR(BART_Rides[[#This Row],[Station Code]]="EM", BART_Rides[[#This Row],[Station Code]]="MT", BART_Rides[[#This Row],[Station Code]]="PL", BART_Rides[[#This Row],[Station Code]]="CC"), "Yes", "No") -> No
F2562: 44202 | G2562: 19 | H2562: YOR | I2562: 833 | J2562: =MONTH(BART_Rides[[#This Row],[Date]]) -> 1 | K2562: =WEEKDAY(BART_Rides[[#This Row],[Date]],2) -> 3 | L2562: =LEFT(BART_Rides[[#This Row],[Lines]],1) -> Y | M2562: =IF(BART_Rides[[#This Row],[FirstLetter]]="Y","Yes","No") -> Yes | N2562: =IF(OR(BART_Rides[[#This Row],[Station Code]]="EM", BART_Rides[[#This Row],[Station Code]]="MT", BART_Rides[[#This Row],[Station Code]]="PL", BART_Rides[[#This Row],[Station Code]]="CC"), "Yes", "No") -> No
F2563: 44203 | G2563: 19 | H2563: YOR | I2563: 921 | J2563: =MONTH(BART_Rides[[#This Row],[Date]]) -> 1 | K2563: =WEEKDAY(BART_Rides[[#This Row],[Date]],2) -> 4 | L2563: =LEFT(BART_Rides[[#This Row],[Lines]],1) -> Y | M2563: =IF(BART_Rides[[#This Row],[FirstLetter]]="Y","Yes","No") -> Yes | N2563: =IF(OR(BART_Rides[[#This Row],[Station Code]]="EM", BART_Rides[[#This Row],[Station Code]]="MT", BART_Rides[[#This Row],[Station Code]]="PL", BART_Rides[[#This Row],[Station Code]]="CC"), "Yes", "No") -> No
F2564: 44204 | G2564: 19 | H2564: YOR | I2564: 852 | J2564: =MONTH(BART_Rides[[#This Row],[Date]]) -> 1 | K2564: =WEEKDAY(BART_Rides[[#This Row],[Date]],2) -> 5 | L2564: =LEFT(BART_Rides[[#This Row],[Lines]],1) -> Y | M2564: =IF(BART_Rides[[#This Row],[FirstLetter]]="Y","Yes","No") -> Yes | N2564: =IF(OR(BART_Rides[[#This Row],[Station Code]]="EM", BART_Rides[[#This Row],[Station Code]]="MT", BART_Rides[[#This Row],[Station Code]]="PL", BART_Rides[[#This Row],[Station Code]]="CC"), "Yes", "No") -> No
F2565: 44205 | G2565: 19 | H2565: YOR | I2565: 461 | J2565: =MONTH(BART_Rides[[#This Row],[Date]]) -> 1 | K2565: =WEEKDAY(BART_Rides[[#This Row],[Date]],2) -> 6 | L2565: =LEFT(BART_Rides[[#This Row],[Lines]],1) -> Y | M2565: =IF(BART_Rides[[#This Row],[FirstLetter]]="Y","Yes","No") -> Yes | N2565: =IF(OR(BART_Rides[[#This Row],[Station Code]]="EM", BART_Rides[[#This Row],[Station Code]]="MT", BART_Rides[[#This Row],[Station Code]]="PL", BART_Rides[[#This Row],[Station Code]]="CC"), "Yes", "No") -> No
F2566: 44206 | G2566: 19 | H2566: YOR | I2566: 360 | J2566: =MONTH(BART_Rides[[#This Row],[Date]]) -> 1 | K2566: =WEEKDAY(BART_Rides[[#This Row],[Date]],2) -> 7 | L2566: =LEFT(BART_Rides[[#This Row],[Lines]],1) -> Y | M2566: =IF(BART_Rides[[#This Row],[FirstLetter]]="Y","Yes","No") -> Yes | N2566: =IF(OR(BART_Rides[[#This Row],[Station Code]]="EM", BART_Rides[[#This Row],[Station Code]]="MT", BART_Rides[[#This Row],[Station Code]]="PL", BART_Rides[[#This Row],[Station Code]]="CC"), "Yes", "No") -> No
F2567: 44207 | G2567: 19 | H2567: YOR | I2567: 898 | J2567: =MONTH(BART_Rides[[#This Row],[Date]]) -> 1 | K2567: =WEEKDAY(BART_Rides[[#This Row],[Date]],2) -> 1 | L2567: =LEFT(BART_Rides[[#This Row],[Lines]],1) -> Y | M2567: =IF(BART_Rides[[#This Row],[FirstLetter]]="Y","Yes","No") -> Yes | N2567: =IF(OR(BART_Rides[[#This Row],[Station Code]]="EM", BART_Rides[[#This Row],[Station Code]]="MT", BART_Rides[[#This Row],[Station Code]]="PL", BART_Rides[[#This Row],[Station Code]]="CC"), "Yes", "No") -> No
F2568: 44208 | G2568: 19 | H2568: YOR | I2568: 917 | J2568: =MONTH(BART_Rides[[#This Row],[Date]]) -> 1 | K2568: =WEEKDAY(BART_Rides[[#This Row],[Date]],2) -> 2 | L2568: =LEFT(BART_Rides[[#This Row],[Lines]],1) -> Y | M2568: =IF(BART_Rides[[#This Row],[FirstLetter]]="Y","Yes","No") -> Yes | N2568: =IF(OR(BART_Rides[[#This Row],[Station Code]]="EM", BART_Rides[[#This Row],[Station Code]]="MT", BART_Rides[[#This Row],[Station Code]]="PL", BART_Rides[[#This Row],[Station Code]]="CC"), "Yes", "No") -> No
... F3286: 44561 | G3286: 12 | H3286: YOR | I3286: 1351 | J3286: =MONTH(BART_Rides[[#This Row],[Date]]) -> 12 | K3286: =WEEKDAY(BART_Rides[[#This Row],[Date]],2) -> 5 | L3286: =LEFT(BART_Rides[[#This Row],[Lines]],1) -> Y | M3286: =IF(BART_Rides[[#This Row],[FirstLetter]]="Y","Yes","No") -> Yes | N3286: =IF(OR(BART_Rides[[#This Row],[Station Code]]="EM", BART_Rides[[#This Row],[Station Code]]="MT", BART_Rides[[#This Row],[Station Code]]="PL", BART_Rides[[#This Row],[Station Code]]="CC"), "Yes", "No") -> No
F3287: 44197 | G3287: LM | H3287: BOG | I3287: 322 | J3287: =MONTH(BART_Rides[[#This Row],[Date]]) -> 1 | K3287: =WEEKDAY(BART_Rides[[#This Row],[Date]],2) -> 5 | L3287: =LEFT(BART_Rides[[#This Row],[Lines]],1) -> B | M3287: =IF(BART_Rides[[#This Row],[FirstLetter]]="Y","Yes","No") -> No | N3287: =IF(OR(BART_Rides[[#This Row],[Station Code]]="EM", BART_Rides[[#This Row],[Station Code]]="MT", BART_Rides[[#This Row],[Station Code]]="PL", BART_Rides[[#This Row],[Station Code]]="CC"), "Yes", "No") -> No
F3288: 44198 | G3288: LM | H3288: BOG | I3288: 340 | J3288: =MONTH(BART_Rides[[#This Row],[Date]]) -> 1 | K3288: =WEEKDAY(BART_Rides[[#This Row],[Date]],2) -> 6 | L3288: =LEFT(BART_Rides[[#This Row],[Lines]],1) -> B | M3288: =IF(BART_Rides[[#This Row],[FirstLetter]]="Y","Yes","No") -> No | N3288: =IF(OR(BART_Rides[[#This Row],[Station Code]]="EM", BART_Rides[[#This Row],[Station Code]]="MT", BART_Rides[[#This Row],[Station Code]]="PL", BART_Rides[[#This Row],[Station Code]]="CC"), "Yes", "No") -> No
...

Sheet Solutions
A1: Question | B1: Value | C1: Tolerance | D1: student-solution | E1: student-formula
A2: 1 | B2: ="Summary:"&"6.52611910018250" -> Summary:6.52611910018250 | D2: ="Summary:"&IF(ISBLANK(INDEX(BART_Rides[[#This Row],[Month]],1,1)),"no value",ROUND(AVERAGE(BART_Rides[Month]),4)&SUM(BART_Rides[Month])&COUNT(BART_Rides[Month])) -> Summary:6.52611910018250 | E2: =IFERROR(_xlfn.FORMULATEXT(INDEX(BART_Rides[[#This Row],[Month]],1,1)),"no formula") -> =MONTH([@Date])
A3: 2 | B3: Summary:4.00277305018250 | D3: ="Summary:"&IF(ISBLANK(INDEX(BART_Rides[[#This Row],[DayOfWeek]],1,1)),"no value",ROUND(AVERAGE(BART_Rides[DayOfWeek]),4)&SUM(BART_Rides[DayOfWeek])&COUNT(BART_Rides[DayOfWeek])) -> Summary:4.00277305018250 | E3: =IFERROR(_xlfn.FORMULATEXT(INDEX(BART_Rides[[#This Row],[DayOfWeek]],1,1)),"no formula") -> =WEEKDAY([@Date],2)
A4: 3 | B4: Summary:18250 | D4: ="Summary:"&COUNTA(BART_Rides[FirstLetter]) -> Summary:18250 | E4: =IFERROR(_xlfn.FORMULATEXT(INDEX(BART_Rides[[#This Row],[FirstLetter]],1,1)),"no formula") -> =LEFT([@Lines],1)
A5: 4 | B5: Summary:124105840 | D5: ="Summary:"&COUNTIF(BART_Rides[YellowLine],"Yes")&COUNTIF(BART_Rides[YellowLine],"No") -> Summary:124105840 | E5: =IFERROR(_xlfn.FORMULATEXT(INDEX(BART_Rides[[#This Row],[YellowLine]],1,1)),"no formula") -> =IF([@FirstLetter]="Y","Yes","No")
A6: 5 | B6: 24583309 | C6: 0 | D6: =IF(ISBLANK(INDEX('BART Ridership Analysis'!$C$32,1,1)), "no solution", IF(ISERROR(INDEX('BART Ridership Analysis'!$C$32,1,1)), "error in parsing the solution", INDEX('BART Ridership Analysis'!$C$32,1,1))) -> 24583309 | E6: =IFERROR(_xlfn.FORMULATEXT(INDEX('BART Ridership Analysis'!$C$32,1,1)),"no formula") -> =SUM(BART_Rides[TotalPassengers])
A7: 6 | B7: 20281852 | C7: 0 | D7: =IF(ISBLANK(INDEX('BART Ridership Analysis'!$C$34,1,1)), "no solution", IF(ISERROR(INDEX('BART Ridership Analysis'!$C$34,1,1)), "error in parsing the solution", INDEX('BART Ridership Analysis'!$C$34,1,1))) -> 20281852 | E7: =IFERROR(_xlfn.FORMULATEXT(INDEX('BART Ridership Analysis'!$C$34,1,1)),"no formula") -> =SUMIF(BART_Rides[DayOfWeek],"<6", BART_Rides[TotalPassengers])
A8: 7 | B8: 0.825 | C8: 0.1 | D8: =IF(ISBLANK(INDEX('BART Ridership Analysis'!$C$35,1,1)), "no solution", IF(ISERROR(INDEX('BART Ridership Analysis'!$C$35,1,1)), "error in parsing the solution", INDEX('BART Ridership Analysis'!$C$35,1,1))) -> 0.8250253 | E8: =IFERROR(_xlfn.FORMULATEXT(INDEX('BART Ridership Analysis'!$C$35,1,1)),"no formula") -> =C34/C32
A9: 8 | B9: 0.175 | C9: 0.1 | D9: =IF(ISBLANK(INDEX('BART Ridership Analysis'!$C$38,1,1)), "no solution", IF(ISERROR(INDEX('BART Ridership Analysis'!$C$38,1,1)), "error in parsing the solution", INDEX('BART Ridership Analysis'!$C$38,1,1))) -> 0.1749747 | E9: =IFERROR(_xlfn.FORMULATEXT(INDEX('BART Ridership Analysis'!$C$38,1,1)),"no formula") -> =(C32-C34)/C32
A10: 9 | B10: 19425399 | C10: 0 | D10: =IF(ISBLANK(INDEX('BART Ridership Analysis'!$C$39,1,1)), "no solution", IF(ISERROR(INDEX('BART Ridership Analysis'!$C$39,1,1)), "error in parsing the solution", INDEX('BART Ridership Analysis'!$C$39,1,1))) -> 19425399 | E10: =IFERROR(_xlfn.FORMULATEXT(INDEX('BART Ridership Analysis'!$C$39,1,1)),"no formula") -> =SUMIF(BART_Rides[YellowLine], "Yes", BART_Rides[TotalPassengers])
A11: 10 | B11: 0.79 | C11: 0.1 | D11: =IF(ISBLANK(INDEX('BART Ridership Analysis'!$C$40,1,1)), "no solution", IF(ISERROR(INDEX('BART Ridership Analysis'!$C$40,1,1)), "error in parsing the solution", INDEX('BART Ridership Analysis'!$C$40,1,1))) -> 0.7901865 | E11: =IFERROR(_xlfn.FORMULATEXT(INDEX('BART Ridership Analysis'!$C$40,1,1)),"no formula") -> =C39/C32
A12: 11 | B12: free response | D12: =IF(ISBLANK(INDEX('BART Ridership Analysis'!$A$50:$C$54,1,1)), "no solution", IF(ISERROR(INDEX('BART Ridership Analysis'!$A$50:$C$54,1,1)), "error in parsing the solution", INDEX('BART Ridership Analysis'!$A$50:$C$54,1,1))) -> The difference could be for a multitude of reasons. For students, appointments and errands, and work, most of these responsibilities end up on a weekday, and need transportation assistance. However, since school and most major appointments are closed over the weekends, there isn't much demand for the rail. Furthermore, most people go on trips over the weekends, which requires a car or plane, not requiring a railway. BART should optimize for both the weekdays and weekends by adding extra service and extra prep time for the weekdays, as they are the busiest. This includes extra staff members, extra security in case if anything goes awry, and extra cleaners to keep the railway safe and clean. For the weekend, the railway could optimize by reducing the amount of staff onboard, as there are a lot less passengers. If you want to increase sales over the weekends you could drop weekend prices and possibly put up signs and locations of events where railways might take customers close to.
A13: 12 | B13: free response | D13: =IF(ISBLANK(INDEX('BART Ridership Analysis'!$A$58:$C$62,1,1)), "no solution", IF(ISERROR(INDEX('BART Ridership Analysis'!$A$58:$C$62,1,1)), "error in parsing the solution", INDEX('BART Ridership Analysis'!$A$58:$C$62,1,1))) -> I would like to evaluate the amount of Yellow Line railways there are as well as the amount of staff, how they run the yellow line stations, if the yellow lines are faster than other lines, as well as what are the most popular yellow line destinations. This could help expand new Yellow Lines and improve others if they are found to be more efficient. However, if it is just a simple case of more yellow lines than not I suggest expanding other lines if the company would like any other lines.
A14: 13 | B14: Summary:146016790 | D14: ="Summary:"&IF(ISBLANK(INDEX(BART_Rides[[#This Row],[Downtown]],1,1)),"no value",COUNTIF(BART_Rides[Downtown],"Yes")&COUNTIF(BART_Rides[Downtown],"No")) -> Summary:146016790 | E14: =IFERROR(_xlfn.FORMULATEXT(INDEX(BART_Rides[[#This Row],[Downtown]],1,1)),"no formula") -> =IF(OR([@[Station Code]]="EM", [@[Station Code]]="MT", [@[Station Code]]="PL", [@[Station Code]]="CC"), "Yes", "No")
A15: 14 | B15: 6932181 | C15: 0 | D15: =IF(ISBLANK(INDEX('BART Ridership Analysis'!$C$68,1,1)), "no solution", IF(ISERROR(INDEX('BART Ridership Analysis'!$C$68,1,1)), "error in parsing the solution", INDEX('BART Ridership Analysis'!$C$68,1,1))) -> 6932181 | E15: =IFERROR(_xlfn.FORMULATEXT(INDEX('BART Ridership Analysis'!$C$68,1,1)),"no formula") -> =SUMIF(BART_Rides[Downtown], "Yes", BART_Rides[TotalPassengers])
A16: 15 | B16: 0.282 | C16: 0.1 | D16: =IF(ISBLANK(INDEX('BART Ridership Analysis'!$C$69,1,1)), "no solution", IF(ISERROR(INDEX('BART Ridership Analysis'!$C$69,1,1)), "error in parsing the solution", INDEX('BART Ridership Analysis'!$C$69,1,1))) -> 0.2819873 | E16: =IFERROR(_xlfn.FORMULATEXT(INDEX('BART Ridership Analysis'!$C$69,1,1)),"no formula") -> =C68/C32
A17: 16 | B17: free response | D17: =IF(ISBLANK(INDEX('BART Ridership Analysis'!$A$72:$C$76,1,1)), "no solution", IF(ISERROR(INDEX('BART Ridership Analysis'!$A$72:$C$76,1,1)), "error in parsing the solution", INDEX('BART Ridership Analysis'!$A$72:$C$76,1,1))) -> Although the ridership to downtown is only at 28.2%, 28.2% of all 49 stations comes from these 4 downtown stations, which is incredible total passenger volume. If you break down the math, since the rest of the no downtown areas comes around 71.8%, that means each downtown station brings roughly 7.05% (if distributed evenly) while each non-downtown area only brings in around 1.6% (if distributed evenly). Although it is not the majority percentage these stations should have higher prioritization as they have greater total passenger volume. This also means greater service scheduling as there would be more wear and tear on these stations, although that does not mean the other stations should be neglected.
